가계부,家計簿
가구점,家具店
가까이,近く
가꾸다,栽培する
가난,貧乏
가늘다,細い
가능,可能
가능성,可能性
가능하다,可能だ
가득,いっぱい
가라앉다,沈む
가렵다,かゆい
가루비누,粉石鹸
가리다,選ぶ
가리키다,示す
가만히,じっと、おとなしく
가뭄,干ばつ、日照り
가사,家事
가상,仮想
가스,ガス
가습기,加湿器
가입,加入
가전제품,家電製品
가정,家庭
가족적,家族的
가축,家畜
가치,価値
각각,別々に、それぞれ
각자,各自
각종,各種
간격,間隔
간절히,切に
간접적,間接的
간판,看板
간호,看護
갈다,替える
갈등,葛藤
갈수록,ますます
갈아입다,着替える
감각,感覚
감기다,巻かれる
감독,監督
감동적,感動的
감상,鑑賞
감소,減少
감정,感情
감탄,感嘆、感歎
강물,川水
강변,川沿い、川辺
강사,講師
강수량,降水量
강연,講演
강우량,降雨量
강의,講義
강의실,講義室
강조,強調
강하다,強い
갖추다,整える、準備する
갚다,返す、報いる
개강,開講
개구리,カエル
개구쟁이,いたずらっ子、やんちゃ
개다,晴れる
개막식,開幕式、開会式
개발,開発
개방,開放
개방적,開放的
개선,改善
개성,個性
개성적,個性的
개인적,個人的
개최,開催
객관적,客観的
객실,客室
갸름하다,細長い
걔,その子
거래,取引
거미,蜘蛛
거북이,カメ
거스름돈,お釣り
거절,拒絶
거짓,嘘、偽り
거치다,こすれる
거품,泡
걱정거리,心配事
건강식,健康食
건강식품,健康食品
건너,向こう
건네다,手渡す、（声を）かける
건더기,具、カップ麺の加薬
건망증,健忘症、物忘れ
건설,建設
건전지,乾電池
건조,乾燥
건축,建築
건축가,建築家
걸레,雑巾
걸레질,雑巾がけ
걸음,歩み
검다,黒い
검사,検査
검색,検索
검색어,検索語、検索単語
겁,恐れ、怖さ
겉,表面、外面
겉모습,見かけ
게다가,その上、それに
게시판,掲示板
게으르다,怠ける、怠惰だ
게임기,ゲーム機
겨우,やっと、ようやく
격려,激励
겪다,経験する、経る
견디다,耐える
결과적,結果的
결국,結局
결론,結論
결말,結末
결석,欠席
결승전,決勝戦
결심,決心
결코,決して
결혼기념일,結婚記念日
결혼식장,結婚式場
겸손,謙遜
겹치다,重なる
경고,警告
경력,経歴
경비,警備
경비원,警備員
경영,経営
경영자,経営者
경영학,経営学
경우,場合
경쟁,競争
경쟁력,競争力
경제,経済
경제력,経済力
경제적,経済的
경제학,経済学
계산,計算、会計
계산대,レジ
계산서,計算書
계약,契約
계약금,契約金
계약서,契約書
계좌,口座
계층,階層
계획성,計画性
계획적,計画的
고개,頭、峠
고객,顧客
고구마,さつまいも
고궁,昔の韓国の宮殿
고급,高級
고래,クジラ
고마움,ありがたみ
고무신,ゴム靴
고무줄,輪ゴム
고민,悩み
고백,告白
고생,苦労
고소하다,香ばしい
고속,高速
고속도로,高速道路
고아원,孤児院
고유하다,固有である
고지서,告知書
고집,固執
고춧가루,唐辛子粉
고층,高層
고통,苦痛
곤란,困難
골고루,均等に
골목길,路地
골치가,아프다 非常に面倒だ
곰,クマ
곱슬머리,くせ毛、天然パーマ
곳곳,あちこち、至るところ
공공요금,公共料金
공공장소,公共の場所
공동,共同
공동생활,共同生活
공사,工事
공손하다,礼儀正しい
공연장,公演会場
공장,工場
공주,お姫様
공통,共通
공통점,共通点
공포,恐怖
공해,公害
과로,過労
과목,科目
과소비,浪費
과속,スピード違反、
과식,食べ過ぎ
과연,果たして
과외,家庭教師レッスン
과음,飲み過ぎ
과장,課長
과장하다,誇張する
과정,過程
과제,課題
과학자,科学者
과학적,科学的
관객,観客
관계없다,関係ない
관계자,関係者
관광,観光
관광객,観光客
관광지,観光地
관람,観覧
관람객,観覧客
관련,関連
관련성,関連性
관리,管理
관리실,管理室
관용어,慣用句
관찰,観察
광장,広場
괜히,訳もなく
괴로움,辛さ
괴로워하다,煩う(わずら)
괴롭다,辛い
괴롭히다,苦しめる、いじめる
굉장하다,凄い
굉장히,ものすごく
교사,教師
교외,郊外
교육,教育
교육자,教育者
교육학,教育学
교재,教材
교통수단,交通手段
교통편,交通手段
교포,同胞
교환,交換
구두쇠,ケチ
구르다,転がる
구매,購買
구멍,穴
구별,区別
구분,区分
구성,構成
구이,焼き物
구인,求人
구입,購入
구조,構造
구조대,救助隊
구체적,具体的
국가,国家
국그릇,汁椀
국내선,国内線
국문학,国文学
국물,汁、スープ
국민,国民
국악,伝統音楽
국외,国外
국제결혼,国際結婚
국제선,国際線
국화,菊
군대,軍隊
군데,所
굵다,太い
궁금증,気がかり
궁금하다,気になる
권하다,すすめる
귀걸이,イヤリング
귀국,帰国
귀신,幽霊、お化け
귀중하다,貴重だ
귀찮다,面倒くさい
귀하다,尊い、高貴だ、立派だ
규칙적,規則的
그네,ブランコ
그녀,彼女
그늘,日陰
그대로,そのまま
그래도,それでも
그래야,そうしてみたところで
그래프,グラフ
그러니,だから
그러다가,そうこうするうちに
그러므로,それゆえ
그러자,すると
그러하다,そのようだ
그루,～株、～本
그룹,グループ
그리,それほど
그리워하다,なつかしがる
그리하여,そうして
그림책,絵本
그립다,懐かしい、恋しい
그만두다,やめる
그만큼,それくらい
그저,ただ
근데,ところで
근로자,勤労者
근무,勤務
근육,筋肉
글쎄,まあ
글쓴이,著者
글씨,文字
글자,文字
긁다,掻く(かく）、ひっかく
금,金
금메달,金メダル
금액,金額
금지,禁止
급히,急に
긍정적,肯定的、前向き
기계,機械
기념,記念
기념관,記念館
기념일,記念日
기념품,記念品
기능,機能
기다,這う
기대,期待
기도,祈祷
기둥,柱
기록,記録
기본,基本
기본적,基本的
기부,寄付
기쁨,喜び
기술,技術
기술자,技術者
기억,記憶
기억나다,思い出す
기억력,記憶力
기업,企業
기업인,企業家
기운,元気、気運
기울이다,傾ける
기준,基準
기차역,駅
기차표,列車のチケット
기초,基礎
기행문,紀行文
기호,記号
기혼,既婚
기회,機会、チャンス
기후,気候
긴장감,緊張感
길가,道端
길거리,通り、路上
길이,長さ
김장,冬にキムチを漬け込む行事
깊다,深い
깊이,深さ、深く
까다,皮をむく
까다롭다,気難しい
깔다,敷く
깜빡,うっかり
깨끗이,きれいに
깨닫다,悟る
깨뜨리다,割る
깨소금,ゴマ塩
깨우다,起こす
깻잎,エゴマの葉
꺼지다,消える
껍질,皮
꼬리,しっぽ
꼬박꼬박,欠かさずきちんと
꼭대기,てっぺん、頂上
꼴찌,びり、最下位
꼼꼼하다,几帳面だ
꼼꼼히,几帳面に
꽃병,花瓶
꽤,かなり、なかなか
꾸미다,飾る
꾸준히,着実に
꾸짖다,叱る
꿀,はちみつ
꿀벌,ミツバチ
꿈꾸다,夢見る
끈,紐
끊다,切る
끊어지다,切れる
끊임없다,絶え間無い
끌다,引く
끝내,最後まで、ついに
끼어들다,割り込む
나날이,日に日に
나들이,おでかけ
나름,次第
나머지,残り、余り
나물,ナムル
나뭇잎,葉
나서다,進み出る、関与する
나아가다,進む
나아지다,よくなる
나타내다,現す
낙서,落書き
낙엽,落ち葉
난로,ストーブ、暖炉
난방,暖房
날개,翼、羽
날다,飛ぶ
날로,日ごとに
날리다,飛ばす
날씬하다,やせている
날아가다,飛ぶ
날아다니다,飛び回る
날아오다,飛んでくる
날아오르다,飛び立つ
낡다,古い
남녀노소,老若男女
남녀평등,男女平等
남다,残る、余る
남부,南部
남성,男性
남성복,男性服
낫다,治る
낭비,浪費、無駄遣い
낯설다,見慣れない
낳다,産む
내내,ずっと
내려다보다,見下ろす
내복,下着
내부,内部
내성적,内気な
내용물,中身、内容物
내쫓다,追い出す
냇가,小川
냉방병,冷房病
너그럽다,寛大だ、度量が大きい
너무나,あまりにも
넉넉하다,十分だ、豊かだ
널다,干す、風に当てる
넓히다,広げる、広くする
넘기다,渡す
넘어가다,移る
넘치다,あふれる
네모나다,四角い
네트워크,ネットワーク
년대,年代
노동,労働
노동자,労働者
노력,努力
노선,路線
노약자,お年寄り、体の不自由な方
노인,老人
노처녀,未婚で年をとった女性
노총각,未婚で年を取った男性
노트북,ノート型パソコン
녹다,溶ける
녹음,録音
녹음기,録音機
논문,論文
놀랍다,驚くべきだ、目覚ましい
놀리다,からかう
놀이,遊び
놀이터,公園、広場
놈,奴
농담,冗談
농민,農民、農夫
농부,農夫
농사,農業
농약,農薬
농작물,農作物
농촌,農村
높이,高さ
높이다,高める
높임말,敬語
놓이다,置かれる
놓치다,逃す、失う
눈길,視線
눈높이,目の高さ
눈병,眼病
눈보라,吹雪
눈사태,雪崩
눈썹,眉
눈치,気転、、顔つき
눌러쓰다,深々とかぶる
느긋하다,のんびりしている、ゆったりしている
느끼하다,脂っこい
늘리다,増やす
늘어나다,伸びる、長くなる、増える
늘어서다,並ぶ
늙다,老いる
늦추다,遅らせる
다가오다,近づいてくる、接近する
다녀가다,寄っていく
다람쥐,リス
다루다,扱う
다림질,アイロンかけ
다수,多数
다양하다,多様だ
다음날,翌日
다정하다,思いやりがある、情深い、やさしい
다투다,もめる、言い争う
다행,幸い
다행히,幸い、運よく
단계,段階
단골,常連
단기간,短期間
단단하다,丈夫だ、しっかりしている
단발머리,おかっぱ
단백질,タンパク質
단속,取り締まり
단순하다,単純である
단순히,単純に
단위,単位
단정하다,断定する、端正だ
단체,団体
단풍,紅葉、もみじ
달라지다,変わる
달려가다,走る
달려오다,走ってくる
달리,他に、別に
달리기,ランニング
달밤,月夜
달아나다,逃げる
달콤하다,甘ったるい
닭갈비,タッカルビ
담,垣根
담기다,入れられる、盛られる
담다,盛る
담당,担当
담당자,担当者
담백하다,淡白だ
담뱃불,たばこの火
담임,担任
답,答え、返事
답글,返信
답답하다,はがゆい、重苦しい
답변,答弁
당기다,引く、引っ張る
당분간,当分の間
당연하다,当然である
당연히,当然
당장,即刻、今のところ
당하다,やられる
당황하다,慌てる
대개,大概、大抵
대기업,大企業
대다,当てる、触れる
대단하다,すごい、大したものだ
대단히,非常に
대도시,大都市
대량,大量
대리,代理
대문,門
대신,代わり
대여,貸与、レンタル
대여료,レンタル料
대접,もてなし、接待
대중,大衆
대중교통,公共交通機関
대중목욕탕,銭湯
대책,対策
대청소,大掃除
대체로,大体
대출,貸し付け、貸し出し
대통령,大統領
대표,代表
대표적,代表的
대형,大型
댄스,ダンス
더구나,その上、しかも、さらに
더러워지다,汚れる
더욱,もっと、よりいっそう
더위,暑さ
더하다,ひどくなる、加える
덕,おかげ
던지다,投げる
덜,より少なく、まだ～ない
덜다,減らす
데다,やけどする
데려오다,連れてくる
데치다,ゆでる、さっとゆでる
도구,道具
도난,盗難
도대체,一体全体
도둑,泥棒
도망가다,逃げる
도서,図書
도시락,弁当
도장,印鑑、実印
도전,挑戦
도중,途中
독,毒
독감,インフルエンザ、ひどい風邪
독립,独立
독방,独房
독신자,独身者
독특하다,独特だ
돌,石
돌다,回る
돌려받다,返してもらう
돌려보내다,返す、帰らせる
돌려주다,返す
돌리다,回す
돌보다,面倒をみる、世話をする
돌솥,石鍋
돌아다니다,歩き回る
돌아보다,振り向いて見る
돌아서다,振り返る
돌잔치,一歳の誕生日
동굴,洞窟
동료,同僚
동물원,動物園
동부,東部
동서양,東洋と西洋
동시,同時
동양화,東洋画
동영상,動画
동일하다,同じである
동작,動作
동창,同窓
동창회,同窓会
동해안,東海岸
동호회,同好会
동화,童話
동화책,児童書
되도록,できるだけ
되돌리다,取り戻す
되돌아보다,振り返る
되살아나다,生き返る、蘇る
두려움,恐れ
두려워하다,恐れる
두세,二・三
두통,頭痛
두통약,頭痛薬
둔하다,鈍い
둘러보다,見回す
둥글다,丸い
뒤떨어지다,劣る、遅れる
뒤집다,裏返す
뒤풀이,打ち上げ
뒷모습,後ろ姿
뒷문,裏門
뒷이야기,裏話
뒷자리,後ろの席
드디어,いよいよ、ついに
드라이,ドライ
드림,ドリーム
드물다,まれだ
든든하다,心強い、頼もしい、しっかりしている
들려주다,聞かせてくれる
들르다,立ち寄る
들리다,聞こえる
들어보다,聞いてみる
들어주다,聞いてくれる
들이다,かける、費やす
등록,登録
등록금,登録金、授業料
등록증,登録証
등불,明かり、灯火
디스크,ディスク、ヘルニア
디자이너,デザイナー
디지털,デジタル
따다,もぎとる、摘む、得る
따라다니다,ついていく、つきまとう
따라서,従って
따로따로,別々、それぞれ
따지다,問い詰める
딱,ピッタリ
딱딱하다,固い
딴,べつの、他の
땅,土地
땅콩,ピーナッツ
때때로,時折
때로,時々
떠오르다,浮かぶ
떨다,震える、震わす
떨리다,震える、揺れる
떨어뜨리다,落とす、下落させる
떼다,取る、離す
또박또박,きちんと、はきはき、
또한,また
똑같이,同じく
똑똑하다,利口だ、賢い、頭いい
뚜렷하다,はっきりしている
뚫다,穴を開ける
뚱뚱하다,太っている
뛰어가다,走る
뛰어나다,優れている
뛰어내리다,飛び降りる
뛰어넘다,飛び越える
뛰어다니다,走りまわる
뛰어오다,走ってくる
뛰쳐나가다,飛び出す
뜨거워지다,熱くなる
뜻밖에,意外に
띠,干支
램프,ランプ
레몬,レモン
레포츠,レジャースポーツ
렌즈,レンズ
렌터카,レンタカー
로또,ロット、宝くじ
로봇,ロボット
로비,ロビー
룸메이트,ルームメイト
리듬,リズム
리모컨,リモコン
마감일,締め切り日
마네킹,マネキン
마당,庭
마디,節
마라톤,マラソン
마련하다,設ける
마루,板の間
마무리,仕上げ
마술,手品
마스크,マスク
마약,麻薬
마을,村
마음껏,心おきなく、思いっきり
마음대로,自分勝手に、思い通りに
마음먹다,決心する
마음씨,心、気立て
마주보다,向き合う
마주치다,ぶつかる、目が合う
마중,出迎え
마찬가지,同様
마치,まるで、あたかも、ちょうど
마침,ちょうど、たまたま
마침내,遂に
마케팅,マーケティング
마트,マート
막,めちゃくちゃに、やたらに
막내,末っ子
막다,ふさぐ、さえぎる
막대기,棒
막차,終電
만남,出会い
만년필,万年筆
만약,もしも、万が一
만족,満足
만족감,満足感
만화책,漫画
맏딸,長女
맏아들,長男
말다툼,口喧嘩、口論
말리다,引き止める、乾かす
말투,話し方、言葉使い
맛보다,味見する
망가뜨리다,壊す、ダメにする
망가지다,壊れる、駄目になる
망설이다,ためらう、躊躇する
망하다,滅ぶ
맞벌이,共稼ぎ
맞이,迎え
맞추다,合わせる、仕立てる
맡기다,任せる
맡다,引き受ける
매년,毎年
매달,毎月
매력,魅力
매력적,魅力的
매연,煤煙
매운탕,メウンタン、魚のアラ鍋
매점,売店
매진,売り切れ
매체,媒体
매콤하다,やや辛い、ピリ辛い
매표소,チケット売り場
맨발,素足
맨손,素手
맹인,盲人
맺다,結ぶ
머리카락,髪、髪の毛
머무르다,とどまる
머지않다,遠くない
먹을거리,食べ物
먹이,えさ
먹이다,食べさせる
먼지,ちり、ほこり
멀리,遠く
멀티미디어실,マルチメディア室
멈추다,止まる、泊まる
멋지다,素敵だ
멍,あざ
메일,メール
멜로디,メロディー
멜론,メロン
며느리,嫁
면,面、麺
면세점,免税店
면접,面接
면접관,面接官
면접시험,面接試験
면허증,免許証
명랑,明朗
명랑하다,朗らかだ、明るい
명사,名詞
명소,名所
명품,ブランド品、名品
몇몇,いくつかの、若干
모국어,母国語
모기,蚊
모델,モデル
모래,砂
모범생,模範生
모습,姿
모음,母音
모자라다,足りない
모집,募集
모험심,冒険心
모형,模型
목마르다,喉が渇く
목사,牧師
목숨,命
목욕탕,銭湯
목적지,目的地
목표,目標
몰라보다,わからない、見違える
몰래,こっそり
몰려들다,押し寄せる
몰리다,寄り集まる
몸무게,体重
몸짓,身振り、ジャスチャー
몹시,とても、たいへん、ひどく
못생기다,ぶさいくだ、醜い
무게,重さ
무관심,無関心
무너지다,崩れる
무늬,柄、模様
무대,舞台、ステージ
무더위,蒸し暑さ
무덤,墓
무덥다,蒸し暑い
무렵,頃
무사히,無事に
무서워하다,怖い
무선,無線
무소식,便りのないこと
무시,無視
무인,無人
무조건,無条件
무지개,虹
무통장,입금 電子振込、ATM入金
묵다,泊まる
묶다,束ねる、縛る
문구,文具、文房具
문명,文明
문법,文法
문병,お見舞い
문서,文書
문의,問い合わせ
문자,文字、SMS、ショートメッセージ
문제점,問題点
문학,文学
문화생활,文化的な生活
문화유산,文化遺産
문화적,文化的
묻히다,つける、まぶす
물가,物価
물고기,魚
물냉면,水冷麺
물다,咬む、口にくわえる
물러서다,後退する
물려주다,譲る、譲り渡す
물리다,飽きる、噛まれる
물방울,水玉
물약,飲み薬、水薬
물음,問い
물질,物質
물품,物品
뮤지컬,ミュージカル
미끄러지다,滑る
미끄럽다,つるつるしている、滑りやすい
미루다,延ばす
미소,微笑み
미역,ワカメ
미역국,ワカメスープ
미용사,美容師
미인,美人
미치다,及ぶ、及ぼす
미팅,合コン
미혼,未婚
민박,民宿、民泊
민속,民俗
민속놀이,民俗遊び
민요,民謡
민족,民族
믿다,信じる
믿음,信頼、信仰
믿음직스럽다,頼もしい、信頼できる
믿음직하다,頼もしい
밀다,押す
밀려오다,押し寄せてくる
밀리미터,ミリメートル
밉다,憎い、醜い
및,および
밑줄,下線
바가지,ひょうたん
바구니,かご
바깥,外、屋外、表
바느질,針仕事
바늘,針
바닥,底、床
바닥나다,底をつく
바닷물,海水
바둑,囲碁
바라보다,見渡す、眺める
바보,馬鹿
바위,岩
바이러스,ウイルス
바퀴,ホイール、車輪
바탕,基礎、土台、素地
박사,博士
박스,ボックス
반가워하다,懐かしがる
반납,返却
반납일,返却日
반대,反対
반대말,反対語
반대쪽,反対側
반드시,必ず
반말,タメ口
반복,反復、リピート
반성,反省
반응,反応
반짝반짝,ぴかぴか
반짝이다,きらめく、輝く
반품,返品
반하다,惚れる
받아들이다,受け入れる
발걸음,足どり
발견,発見
발급,発給
발달,発達
발레,バレエ
발명,発明
발목,足首
발생,発生
발자국,足跡
발표자,発表者
발표회,発表会
밝히다,明らかにする
밟다,踏む
밤새,夜の間
밤새우다,徹夜する
밥그릇,ご飯茶碗
밥맛,ご飯の味、食欲
밥상,お膳
방금,たった今
방문,訪問
방송사,放送会社、放送社
방식,方式
방청객,傍聴人
방해,妨害、じゃま
방향,方向
밭,畑
배경,背景
배꼽,へそ
배낭,リュックサック
배낭여행,バックパック旅行
배려,配慮
배우자,配偶者
배추,白菜
배터리,バッテリー
뱀,蛇
뱉다,吐きだす
버릇,癖、礼儀作法
버릇없다,行儀が悪い、わがままだ
버섯,きのこ
버튼,ボタン
번역,翻訳
번호표,番号表
벌금,罰金
벌리다,あける、広げる
벌집,蜂の巣
범위,範囲
범인,犯人
범죄,犯罪
법,法律、法
법원,裁判所
벗기다,脱がせる、取れる
벗어나다,抜け出す、それる
베개,枕
벨,ベル
벨트,ベルト
벼,稲
벼락,雷
벼룩시장,フリーマーケット
벽걸이,壁掛け
벽돌,煉瓦
변경,変更
변기,トイレ
변명,弁明、言い訳
변비,便秘
변하다,変わる
변화,変化
별명,ニックネーム、あだ名、別名
별일,変わったこと、別ごと
병문안,お見舞い
보고,報告
보고서,レポート、報告書
보고회,報告会
보관,保管
보관실,保管室
보기,見本、例
보너스,ボーナス
보람,やりがい、甲斐
보름,陰暦の十五日
보름달,満月、十五夜の月
보물,宝物
보살피다,面倒を見る
보약,強壮剤、補薬
보증금,保証金、敷金
보충,補充
보험,保険
보험금,保険金
보험료,保険料
보호,保護
복,福
복권,宝くじ
복날,ポンナル、滋養食を食べる日
복도,廊下
복사,複写、コピー
복사기,コピー機
복습,復習
복통,腹痛
본론,本論
본문,本文
볼거리,見どころ
볼륨,ボリューム
볼링,ボーリング
볼링장,ボーリング場
볼일,用事
봉사,ボランティア、奉仕
봉사자,奉仕者
부끄러워하다,恥ずかしがる
부끄럽다,恥ずかしい
부담,負担、負い目
부딪치다,ぶつかる
부딪히다,ぶつかる、直面する
부러워하다,うらやむ
부러지다,折れる
부럽다,うらやましい
부분,部分
부사,副詞
부상,負傷、けが
부상자,負傷者
부서,部署
부서지다,壊れる
부자,金持ち
부작용,副作用
부잣집,金持ちの家
부정적,否定的
부족,不足
부주의,不注意
부지런히,熱心に
부채,うちわ、扇子
부케,ブーケ
부피,大きさ
분량,分量
분리,分離
분리수거,分別収集
분명하다,明らかだ、はっきりしている
분명히,明確に
분실,紛失
분실물,忘れ物
분홍색,ピンク色
불가능,不可能
불가능하다,不可能である
불경기,不景気
불교,仏教
불규칙,不規則
불꽃놀이,花火遊び、花火見物
불량,不良
불만,不満
불면증,不眠症
불법,不法、違法
불빛,炎、あかり
불쌍하다,哀れだ
불안,不安
불안감,不安感
불어나다,増える、増す
불친절,不親切
불태우다,燃やす
불편,不便
불평,不平
불필요,不要、不必要
불행,不幸
붉다,赤い
붐비다,込み合う
붕어빵,たい焼き
붙잡다,捕まえる
붙잡히다,捕まる
뷔페,ビュッフェ
브랜드,ブランド
브레이크,ブレーキ
블라인드,ブラインド
블로그,ブログ
비교,比較
비교적,比較的
비닐,ビニール
비다,空いている
비디오카메라,ビデオカメラ
비록,たとえ～でも
비만,肥満
비바람,雨風
비비다,こする、揉む、混ぜる
비빔냉면,ビビン冷麺
비상약,常備薬、非常用の薬
비용,費用
비우다,空にする、空ける
비자,ビザ
비추다,照らす
비타민,ビタミン
비하다,比べる
빗길,雨の道
빚,借金
빛,光
빠뜨리다,落とす
빠지다,落ちる、抜ける
빠짐없이,もれなく、抜かりなく
빨개지다,赤くなる
빼앗기다,奪われる
빼앗다,奪う
뺨,頬
뻔하다,確かだ、自明だ
뻗다,伸びる
뽑다,抜く、選ぶ
뿌리,根
뿌리다,振りまく
사건,事件
사고방식,考え方
사교적,社交的
사귀다,付き合う、交わる
사라지다,消える
사로잡다,捕える
사막,砂漠
사망,死亡
사망자,死亡者、死者
사모님,奥様
사무소,事務所
사생활,私生活、プライベート
사슴,鹿
사실,事実
사업,事業
사용료,使用料
사용법,使用法
사우나,サウナ
사은품,景品、おまけ
사이버,サイバー
사이좋다,仲が良い
사이트,サイト
사정,事情
사진관,写真館
사진첩,写真アルバム
사춘기,思春期
사투리,訛り、方言
사표,辞表
사회,社会
사회생활,社会生活
사회자,司会者
사회적,社会的
산꼭대기,山頂
산더미,山積み、山盛り
산부인과,産婦人科
산불,山火事
산업,産業
산책로,散策路
살리다,生かす
살림,暮らし
살아가다,生きていく
살아나다,助かる
살아남다,生き延びる
살아오다,生きてくる
살인,殺人
살짝,こっそり、そっと、静かに
살찌다,太る、肉が付く
살펴보다,探る、観察する、注意してみる
살피다,調べる、探る
삶,暮し、人生、生
삶다,ゆでる
삼겹살,サムギョプサル
삼일절,3.1節
삼키다,飲み込む
상,相
상가,商店街
상관없다,気にしない
상관없이,関係なく
상금,賞金
상담,相談
상담실,相談室
상담원,エージェント、相談員
상담자,相談者
상당히,かなり
상대,相手
상대방,相手
상대편,相手方
상상,想像
상상력,想像力
상승,上昇
상식,常識
상업,商業
상업적,商業的
상인,商人
상점,商店
상징,象徴
상쾌하다,さわやかだ、爽快だ
상태,状態
상표,商標、ラベル
상품권,商品券
상하다,傷む、（食べ物などが）腐る
상황,状況
새다,夜が明ける、夜明かしをする
새롭다,新しい
새어머니,継母
새우다,夜を明かす
새치기,割り込み
새해,新年
색다르다,風変りだ
색상,色相
생각나다,思い出す
생강차,生姜茶
생겨나다,生じる
생김새,見かけ
생략,省略
생머리,ストレート
생명,命
생산,生産
생생하다,新鮮だ、生々しい
생중계,生放送
생필품,生活必需品
생활비,生活費
생활수준,生活水準
서너,三・四
서두르다,急ぐ、焦る
서랍,引き出し
서론,序論
서명,署名
서부,西部
서빙,サービング
서서히,徐々に
서운하다,名残惜しい
서투르다,下手だ
석사,修士
석식,夕食
석유,石油
석탄,石炭
섞다,混ぜる
선,線
선글라스,サングラス
선선하다,涼しい
선진국,先進国
선착순,先着順
설,説
설득,説得
설마,まさか
설명서,マニュアル、説明書
설문조사,アンケート
설문지,アンケート
설사,例え、下痢
섭섭하다,名残惜しい、寂しい
성공,成功
성능,性能
성당,聖堂
성명,声明
성별,性別
성실,誠実
성인,成人
성인병,成人病
성적,成績
성적표,成績表
성형,整形
세계적,世界的
세금,税金
세기,世紀
세다,数える
세대,世代
세련,洗練
세면대,洗面台
세면도구,洗面道具
세미나,セミナー
세배,トリプル、3倍
세뱃돈,お年玉
세상,世界
세월,歳月
세제,洗剤
세탁물,洗濯物
셔츠,シャツ
셔틀버스,シャトルバス
소감,所感、感想
소개팅,合コン
소규모,小規模
소극장,小劇場
소극적,消極的
소나기,夕立
소년,少年
소득,所得
소망,希望
소매,袖
소매치기,すり
소문,うわさ、評判
소방관,消防官
소방서,消防署
소방차,消防車
소비,消費
소비자,消費者
소설책,小説
소수,少数
소스,ソース
소심하다,小心である
소용,使い道
소용없다,無駄だ、役に立たない
소원,念願、願い
소음,騒音
소주,焼酎
소중하다,大事だ
소중히,大切に
소화,消化
속다,だまされる
속담,ことわざ
속도,速度
속도위반,速度違反
속력,スピード、速力
속상하다,しゃくにさわる、気に障る
속옷,下着
속이다,あざむく、だます
손바닥,手のひら
손발,手足
손쉽다,たやすい
손자,男の孫
손잡이,手すり、取っ手
손질,手入れ
솔직하다,率直である
솔직히,率直に言って
솜씨,手並み、手際
송금,送金
쇠,鉄、金物、錠
쇠고기,牛肉
쇼,ショー
쇼핑몰,ショッピングモール
쇼핑백,ショッピングバッグ
쇼핑센터,ショッピングセンター
수거,回収
수고,苦労
수단,手段
수도꼭지,水道の蛇口
수량,数量
수료식,修了式
수리,受理、修理
수리비,修理費
수면,睡眠
수면제,睡眠薬
수명,寿命
수산물,水産物
수상,首相
수선,修繕
수선하다,修理する、修繕する
수수료,手数料
수입,収入、輸入
수정,修正、水晶
수준,レベル
수집,収集、コレクション
수출,輸出
수표,小切手
수학여행,修学旅行
숙녀복,婦人服
숙박,宿泊
숙박비,宿泊費
숙소,宿
숙이다,下げる、うなだれる
순간,瞬間
순두부찌개,スンドゥブチゲ
술자리,飲み会
술잔,盃
술집,バー
숨기다,隠す
숨다,隠れる
숫자,数字
숲,森、林
스님,お坊さん
스스로,自ら、自分で、自然と
스캐너,スキャナー
스타일,スタイル
스티커,シール、ステッカー
스프,スープ
스피커,スピーカー
슬리퍼,スリッパ
슬픔,悲しみ
습기,湿気
습도,湿度
승강기,エレベーター
승객,乗客
승리,勝利
승용차,乗用車
승진,昇進
승차,乗車
시각,視覚
시대,時代
시도,試み
시력,視力
시리다,ひりひりする、しびれるほど冷たい
시부모님,義理の両親
시스템,システム
시아버지,舅、夫の父
시어머니,姑、夫の母
시외버스,市外バス
시인,詩人
시집,詩集、嫁入り先
시집가다,嫁に行く、（女性が）結婚する
시청각실,視聴覚室
시청자,視聴者
시합,試合
시험공부,試験勉強
식,式、やり方、方法
식구,家族
식료품,食料品
식물,植物
식물원,植物園
식비,食費
식생활,食生活
식습관,食習慣
식욕,食欲
식용유,食用油
식초,酢
식품,食品
식후,食後
신고,通報
신기다,履かせる
신기술,新技術
신기하다,不思議だ、珍しい
신나다,浮かれる、興がのる
신도시,新都市
신랑,新郎
신랑감,新郎候補
신문사,新聞社
신문지,新聞紙
신부,神父、新婦
신분증,身分証明書
신상품,新商品
신선하다,新鮮だ
신세대,新世代
신용,信用
신입생,新入生
신제품,新製品
신청자,申請者
신체,身体、体
신형,新型
신호,信号
신혼,新婚
신혼부부,新婚夫婦
신혼여행,新婚旅行
싣다,乗せる、積む
실,糸
실내,室内
실력,実力
실망,失望
실시,実施
실용적,実用的
실은,実は
실제,実際
실제로,実際に
실종,失踪
실종자,失踪者、行方不明者
실천,実践
실컷,思う存分、飽きるほど
실크,シルク
실패,失敗
실험,実験
실험실,実験室
싫증,飽き
심각하다,深刻だ
심다,植える
심리학,心理学
심리학자,心理学者
심부름,お使い
심심하다,退屈だ
심장,心臓
심장병,心臓病
싱싱하다,みずみずしい、生き生きしている
싱크대,シンク台
싸구려,安物
싸움,喧嘩
쌀쌀하다,肌寒い
쌍둥이,双子
쌓다,積む、築く
쏘다,射る、撃つ
쏟다,こぼす
쏟아지다,降り注ぐ、こぼれる、あふれる
쑥스럽다,照れくさい
쓰러지다,倒れる、床につく、滅びる
쓰레기통,ごみ箱
쓸데없다,無用だ、使い道がない
쓸데없이,やたら
쓸쓸하다,わびしい
씌우다,かぶせる、覆う
씨름,シルム（朝鮮の相撲）
씩씩하다,りりしい、たくましい
아깝다,もったいない、惜しい
아끼다,節約する、惜しむ
아나운서,アナウンサー
아니,いや
아동,児童
아랫사람,目下の人
아르바이트,アルバイト
아리랑,アリラン
아무것,何
아무래도,どうにも、いずれにしても
아무런,いかなる、何の
아무리,いくら（～しても）
아무튼,とにかく
아쉬움,心残り
아쉽다,物足りない、心残りだ、望ましい
아이디,ユーザー名、ID
아이디어,アイデア
아침저녁,朝晩
아픔,痛み
악몽,悪夢
악수,握手
안개,霧
안과,眼科
안내문,案内文
안내서,案内書
안내소,案内所
안되다,うまく行かない
안방,居間
안부,安否
안색,顔色
안심,安心
안약,目薬
안전선,安全線
안주,おつまみ
안쪽,内側、奥
안타깝다,気の毒だ、ふびんだ、もどかしい
앉히다,座らせる
알,卵、玉
알레르기,アレルギー
알아듣다,理解する
알아보다,調べる、探る、見分ける、認める
알아주다,認める
알약,錠剤
알코올,アルコール
암,がん
앞날,将来
앞두다,控える、前にする
앞뒤,前後
앞머리,前髪
애기,赤ちゃん
애완견,愛犬、ペットの犬
애완동물,ペット
애인,恋人
애정,愛情
애프터서비스,アフターサービス
액자,額縁
앨범,アルバム
야간,夜間
야경,夜景
야근,残業、夜勤
야단맞다,叱られる
야단치다,叱りつける
야외,野外
야유회,ピクニック
약하다,弱い
약혼,婚約
약혼자,婚約者、フィアンセ
얌전하다,おとなしい
양념,薬味だれ
양로원,老人ホーム
양반,ヤンバン(朝鮮時代の官僚)
양보,譲歩
양쪽,両方
얘,この子
어기다,破る、違反する
어느새,いつのまにか
어떠하다,どういうふうだ
어떡하다,どうする
어려움,困難
어린아이,子供
어린이날,子供の日
어버이날,母の日
어색하다,ぎこちない
어쨌든,とにかく、いずれにせよ
어쩌다가,偶然に、ときどき
어쩌면,どうすれば、どうして
어쩐지,なんか、やっぱり
어차피,どうせ、どっちみち、結局
어학,語学
어학연수,語学研修
어휘,語彙
억,億
억양,アクセント
억지로,無理やり
언론,言論
언론인,ジャーナリスト
언어,言語
언젠가,いつか
얻다,得る
얻어먹다,おごってもらう
얼다,凍る
얼룩,染み、汚れ
얼른,早く、すぐ、すばやく
엄격하다,厳しい、厳格だ
엄청나다,途方もない、とんでもない
업무,業務
없애다,なくす、処分する
엉덩이,お尻
엉뚱하다,とんでもない、突拍子もない
엉망,めちゃくちゃ
엊그제,一昨日
에너지,エネルギー
에이즈,エイズ
엔진,エンジン
엠티,メンバーシップトレーニング
여가,余暇
여고생,女子高生
여관,旅館
여드름,ニキビ
여럿,多数
여름날,夏の日
여성,女性
여성복,女性服
여유,余裕
여전히,依然として、相変わらず
여쭈다,（目上の人に）申し上げる、伺う
여행비,旅費
여행자,旅行者
여행지,旅行先
역사적,歴史的
역시,やはり、やっぱり
역할,役割
연결,連結
연구,研究
연구소,研究所
연구실,研究室
연극,演劇
연기,延期、演技
연도,年度
연락,連絡
연말,年末
연말연시,年末年始
연상,年上
연속,連続
연속극,連続ドラマ
연수,研修
연애,恋愛
연애결혼,恋愛結婚
연인,恋人
연장,延長
연주,演奏
연주회,コンサート
연하,年下
연하다,軟らかい、薄い
연회비,年会費
열대야,熱帯夜
열람실,閲覧室
열흘,十日
염색,カラーリング、髪を染めること
엿,飴
영수증,領収書
영양,栄養
영양가,栄養価
영양분,栄養分
영양소,栄養素
영양제,栄養剤
영업,営業
영업부,営業部
영역,エリア
영원히,永遠に
영향,影響
영화감독,映画監督
영화제,映画祭
옆집,隣の家
예금,預金
예매,前売り、事前購入、予約
예방,予防
예보,予報
예상,予想
예술,芸術
예습,予習
예식장,結婚式場
예의,礼儀
예전,昔、ずっと前
예절,礼節、行儀
예정,予定
예측,予測
옛,昔
옛말,古語、昔話
오가다,行き来する
오늘날,今日
오락,娯楽
오래되다,古い、久しい、長い時間が経つ
오랜,長い間
오르내리다,上がり下がりする
오른손,右手
오리엔테이션,オリエンテーション
오염,汚染
오토바이,バイク
오페라,オペラ
오피스텔,オフィステル
오해,誤解
오히려,むしろ
온,全～、すべての
온갖,いろいろな種類の
온도,温度
온돌,オンドル（暖房装置）
온돌방,オンドル部屋
온라인,オンライン
온몸,全身
온천,温泉
온천욕,温泉浴
온통,すべて、全部
올리다,上げる、載せる
올림픽,オリンピック
올바르다,正しい
옳다,正しい
옷차림,身なり
와인,ワイン
완성,完成
완전히,完全に
왕,王
왕복,往復
왕비,王妃
왠지,なぜだか
외가,母方
외과,外科
외교관,外交官
외동딸,一人娘
외동아들,一人息子
외래어,外来語
외로움,孤独
외모,外見
외식,外食
외아들,一人息子
외우다,覚える
외치다,叫ぶ、わめく
요가,ヨガ
요구,要求
요구르트,ヨーグルト
요리법,レシピ
요리사,シェフ
요새,近頃、最近
요약,要約
요청,要請
욕,悪口
욕실,風呂場
욕심,欲
욕심쟁이,欲ばり
용,竜
용기,勇気
용돈,小遣い
용서,容赦、許すこと
우등상,優等賞
우리말,韓国語
우물,井戸
우수성,優秀性
우승,優勝
우아하다,優雅だ
우연,偶然
우연히,偶然に
우울증,うつ病
우울하다,憂うつだ
우정,友情
우주,宇宙
우주여행,宇宙旅行
우편,郵便
우편물,郵便物
우편배달,郵便配達
운,運
운명,運命
운전기사,運転手
운전면허,運転免許証
운전자,ドライバー
울보,泣き虫
울음,泣くこと
웃어른,目上の人
웃음,笑い
워낙,あまりにも、何しろ
원고,原稿
원래,元々
원룸,ワンルーム
원리,原理
원서,願書
원숭이,サル
원인,原因
월말,月末
웨딩드레스,ウェディングドレス
위대하다,偉大だ
위로,慰労
위반,違反
윗사람,目上の人
유난히,ひときわ、際立って、とりわけ
유니폼,ユニフォーム
유람선,遊覧船
유료,有料
유리창,窓ガラス
유머,ユーモア
유명,有名
유적지,遺跡地
유창하다,流暢だ
유치원,幼稚園
유쾌하다,愉快だ
유행어,流行語
육식,肉食
육아,育児
윷놀이,韓国のすごろく
은,銀
은혜,恩恵、恵み
음력,陰暦
음료,飲料、飲み物
음성,音声
음식물,食べ物、飲食物
음식점,レストラン、食堂
음악회,音楽会
음주,飲酒
응급실,応急室
응답,応答、回答
응답자,回答者、応答者
응시자,受験者
응원,応援
의견,意見
의논,相談、議論
의류,衣類
의무,義務
의문,疑問
의사소통,意思疎通
의상,衣装
의식주,衣食住
의심,疑心、疑い
의외로,意外に
의욕,意欲
의의,意義
의지,意志
의하다,依る、基づく
의학,医学
의학적,医学的
이것저것,あれこれ
이국적,異国的
이기다,勝つ
이기적,利己的
이끌다,引く、導く
이내,すぐ
이다,～だ、である
이동,移動
이따,のちほど
이때,この時
이러하다,こうだ
이런저런,あれこれ
이루다,成す、作り上げる
이루어지다,構成される、形成される
이름나다,有名になる
이름표,ネームタグ
이리,こちらへ
이리저리,あっちこっち
이마,額
이만,これぐらいの、この程度の
이만큼,これくらい
이미,すでに
이미지,画像、イメージ
이민,移民
이별,別れ
이불,布団
이비인후과,耳鼻咽喉科
이삿짐,引っ越しの荷物
이상형,好きなタイプ、理想のタイプ、理想の人
이성,理性
이어지다,相次ぐ、続く、繋がる
이어폰,イヤホン
이외,以外
이용료,利用料
이용자,利用者
이웃,隣、隣の家
이웃집,お隣
이익,利益
이자,利子
이전,以前
이제야,今やっと
이하,以下
이해력,理解力
이해심,思いやり
이혼,離婚
이후,以後
익숙하다,よく知られている、慣れている
익히다,煮る、身につける、習う
인간,人間
인간관계,人間関係
인간성,人間性
인간적,人間的
인류,人類
인사말,ご挨拶
인상적,印象的
인생,人生
인쇄,印刷
인쇄물,印刷物
인스턴트,インスタント
인원,人員
인정받다,認定されている、認められる
인출기,ATM
인턴사원,インターン
인하다,基づく、原因による
일기장,日記帳
일단,まず、一旦
일등,一等
일반,一般
일반인,一般人
일반적,一般的
일부,一部
일부러,わざと、わざわざ
일상,日常
일상적,日常的
일생,一生
일시,一時
일시불,一括払い
일으키다,起こす、興す
일자리,働き口、職場
일정,日程
일정하다,一定だ
일출,日の出
일회용품,使い捨て
읽히다,読まれる
임산부,妊婦
임시,臨時
임신,妊娠
입금,入金
입맛,食欲
입술,唇
입시,入試、入学試験
입장,入場
입장권,入場券
입장료,入場料
입학시험,入学試験
입히다,着せる
잇다,繋ぐ、結ぶ、続ける
잎,葉
자격,資格
자격증,資格証
자극적,刺激的
자꾸,しきりに
자녀,子女
자동,自動
자라다,成長する
자랑,自慢
자료실,アーカイブ、資料室
자막,字幕
자매,姉妹
자살,自殺
자세하다,詳しい、細かい
자세히,詳しく
자식,息子や娘、子息
자신감,自信、自信感
자연적,自然的
자외선,紫外線
자원,資源
자음,子音
자존심,自尊心、プライド
자취,自炊
자판기,自販機
작가,作家
작곡,作曲
작문,作文
작사,作詞
작아지다,小さくなる
작업,作業
작품,作品
잔돈,小銭
잔디,芝生
잔디밭,芝生
잔뜩,いっぱい
잔소리,小言
잔액,残額
잠그다,（鍵を）かける
잠기다,掛かる、浸かる
잠들다,眠る
잠옷,パジャマ、寝間着
잠자리,トンボ
잡수다,召し上がる
잡아먹다,捕って食べる
잡채,チャプチェ
잡히다,捕まる
장가,男が結婚すること
장가가다,(男性が)結婚する
장기적,長期的
장난,いたずら、わるふざけ
장난감,おもちゃ
장난꾸러기,いたずらっ子
장남,長男
장녀,長女
장단점,長所と短所、一長一短、メリットとデメリット
장래,将来
장례식,葬式
장례식장,葬儀場
장바구니,買い物かご
장사,商売
장애,障害
장애인,障害者
장학,奨学
장학금,奨学金
재발급,再発給
재산,財産
재작년,一昨年
재주,才能、素質
재즈,ジャズ
재테크,財テク
재학,在学
재해,災害
재혼,再婚
재활용,リサイクル
재활용품,リサイクル用品
쟤,あの子
저금,貯金
저금통,貯金箱
저렴하다,安い
저울,秤（はかり）
저장,貯蔵、保存
저절로,自然に、自ずと
저축,貯蓄
적극적,積極的
적금,積み立て、積立預金
적당하다,適当だ、丁度良い
적당히,適当に
적성,適正
적어도,少なくとも
적어지다,少なくなる
적응,適応
적절하다,適切だ
전구,電球
전국,全国
전국적,全国的
전기,電気
전날,前の日
전달,伝達
전동차,電車
전등,電灯
전망,展望
전문가,専門家
전문적,専門的
전문점,専門店
전반전,前半戦
전부,全部
전산실,電算室
전세,保証金制度
전셋집,借家
전시,展示
전시회,展示会
전원,電源
전자,電子
전자레인지,電子レンジ
전쟁,戦争
전철,地下鉄、電車
전체,全体
전체적,全体的
전통,伝統
전통문화,伝統文化
전통적,伝統的
전화벨,電話のベル
절대로,絶対に
절반,半分、折半
절약,節約
젊은이,若者
젊음,若さ
점잖다,礼儀正しい、温厚だ
점점,だんだんと、徐々に
점차,徐々に
접다,折る、畳む
접수,受付
접하다,接する
정,情
정기적,定期的
정답,正解
정말로,本当に
정보화,情報化
정부,政府
정상,正常
정상적,正常的
정성,誠意、真心
정성껏,心をこめて
정신,精神
정신없다,忙しくて気が抜ける
정신없이,我を忘れて、無我夢中で
정신적,精神的
정의,正義
정장,フォーマル服、スーツ
정전,停電
정지,停止
정직하다,正直だ
정차,停車
정체,正体
정치,政治
정치가,政治家
정치인,政治家
정치학,政治学
정확하다,正確だ
정확히,正確に
젖다,浸る（ひたる）、ぬれる
제공,提供
제대로,きちんと、満足に
제도,制度
제때,適時、定時
제발,どうか、頼むから
제비,くじ、抽選、燕
제사,法事、祭祀
제시간,定時
제안,提案
제자,弟子
제자리,もとの場所、自分の位置
제작,製作
제출,提出
제품,製品
제한,制限
조개,貝
조건,条件
조교,助手
조깅,ジョギング
조르다,せがむ、締める
조리,調理
조리법,調理法
조림,煮つけ、煮物
조만간,遅かれ早かれ
조명,照明
조미료,調味料
조상,先祖
조심,用心すること
조절,調節
족발,豚足
존경,尊敬
졸다,居眠りする
졸리다,眠い
졸업식,卒業式
졸음,眠気
좀처럼,なかなか～しない
좁히다,狭める
종교,宗教
종이컵,紙コップ
종종,ときどき、しばしば
종합,総合
좌석,座席
좌우,左右
좌회전,左折
주거,住居
주고받다,やり取りする
주년,～周年
주름,しわ
주먹,こぶし、げんこつ
주문서,注文書
주민,住民
주방,厨房、キッチン
주식회사,株式会社
주어지다,与えられる
주유소,ガソリンスタンド、給油所
주의,注意
주인공,主人公
주장,主張
주제,主題、テーマ
주택,住宅
주택가,住宅街
죽음,死
죽이다,殺す、かっこいい、すごい
준비물,持ち物
줄거리,ストーリー、あらすじ
줄무늬,縞模様(しまもよう)
줄어들다,減る
줄이다,減らす、縮める
줍다,拾う
중간,中間
중개소,仲介所
중고,中古
중고차,中古車
중고품,中古品
중급,中級
중단,中断
중부,中部
중소기업,中小企業
중심지,中心地
중앙,中央
중요성,重要性
쥐,ネズミ
즉,すなわち、つまり
즐거움,楽しみ
증가,増加
증명서,証明書
증상,症状
지겹다,うんざりする、飽きる
지구,地球
지나가다,通り過ぎる
지나치다,度が過ぎる
지난해,去年
지루하다,飽き飽きする
지붕,屋根
지식,知識
지역,地域
지옥,地獄
지우다,なくす、消す、落とす
지원,サポート
지원자,支援者
지위,地位
지저분하다,汚らしい、散らかっている
지점,地点、支店
지진,地震
지출,支出
지치다,疲れる、くたびれる
지켜보다,見守る、世話する
지퍼,ファスナー
지휘자,指揮者
직선,直線
직장인,会社員
직접적,直接的
직진,ストレート
직후,直後
진실,真実
진심,真心、本気
진짜,本当、マジ
진찰,診察
진통제,鎮痛剤
진하다,濃い
진학,進学
진행,進行
진행자,司会者
질병,疾病
질서,秩序
질투,嫉妬
질환,疾患
짐승,獣
집값,住宅価格
집다,つかむ
집들이,引っ越しパーティー
집세,家賃
집안,家柄
집안일,家事
집주인,大家
집중,集中
집중력,集中力
짙다,濃い、深い
짜증,イライラ
짝,片方、ペア
짝사랑,片思い
짝수,偶数
쫓기다,追われる
쫓다,追う
쫓아내다,追い出す
쫓아다니다,追い回す
쭉,ずらりと、ずっと
찌다,（肉が）つく、太る
찜질,チムジル、温療法
찜통더위,蒸し暑さ
찢다,破る、裂く
찢어지다,破れる
차라리,むしろ
차례,順序、順番
차분하다,物静かだ
차이,差
차이점,違い、異なる点、差異点
착각,錯覚、勘違い
찬물,おひや
찬성,賛成
참가,参加
참고,参考
참기름,ゴマ油
참다,こらえる、我慢する
참석,参席、参加
참여,参与、立ち合い
참치,マグロ
찻집,お茶屋、喫茶店
창,窓
창피,恥
찾아내다,探し出す
찾아다니다,探し回る
찾아보다,調べる、探してみる
채널,チャンネル
채식,菜食
채식주의자,菜食主義者、ベジタリアン
채용,採用
채우다,補う
채팅,チャット
책임지다,責任を負う
챙기다,取りまとめる、用意する
처녀,処女
처리,処理
처방,処方
처방전,処方箋
천국,天国
천사,天使
천장,天井
천재,天才、天災
철학,哲学
첫날,初日
첫눈,初雪
첫사랑,初恋
첫인상,第一印象
청구서,請求書
청년,青年
청소년,青少年
청첩장,招待状
청혼,プロポーズ
체격,体格
체온,体温
체육,体育
체육관,体育館
체조,体操
체중,体重
체험,体験
쳐다보다,見上げる、見つめる、眺める
초급,初級
초기,初期
초대장,招待状
초보자,初心者
초청장,招待状
총,銃
총무과,総務課
촬영장,撮影所
촬영지,撮影地
최근,最近
최대,最大
최선,最善
최신,最新
최저,最低
최종,最終
최초,最初
최후,最後
추가,追加
추위,寒さ
추천,推薦
추천서,推薦状
추첨,抽選
추측,推測
출국,出国
출근길,出勤途中、出勤時
출력,出力
출산,出産
출산율,出産率
출생,出生
출석,出席
출신,出身
출입,出入り
출입국,出入国
출퇴근,出勤と退社
출판사,出版社
충격,衝撃
충고,忠告
충돌,衝突
충분하다,十分だ
충분히,十分に
취업,就職
취업난,就職難
취침,就寝
취하다,酔う
측,側
치료제,治療薬
치수,寸法
치우다,片づける、掃除する
치즈,チーズ
친어머니,実母、実の母
친환경,環境に優しい
침,つば
침실,寝室
칭찬,称賛
카네이션,カーネーション
카세트,カセット
카센터,カーセンター
카페인,カフェイン
카펫,カーペット
칸,空欄、欄
칼국수,カルグクス、韓国式うどん
캄캄하다,真っ暗だ
캠퍼스,キャンパス
캠프,キャンプ
커다랗다,非常に大きい
커지다,大きくなる
커튼,カーテン
커플,カップル
컴퓨터실,コンピューター室
켜지다,（火・電灯が）つく
코끼리,象
코너,コーナー
코미디,コメディー
코미디언,コメディアン
콘서트,コンサート
콘센트,コンセント
콩나물,豆もやし
퀴즈,クイズ
큰길,大通り
큰돈,大金
큰소리,大きな声、大声
큰일,大ごと、重大なこと、大事
클래식,クラシック
클릭,クリック
키우다,大きくする、育てる
타입,タイプ
탈,事故、故障、仮面
탈의실,脱衣室、試着室
탈춤,仮面舞踊、タルチュム
탑승구,搭乗口
탕,スープ、汁
태도,態度
태양,太陽
태양열,太陽熱
태우다,焼く、燃やす
택배,宅配、宅配便
택배비,宅配費
터지다,突然起こる、裂ける、ドッと出る
털다,はたく
테이프,テープ
텐트,テント
토끼,ウサギ
토론,討論
토하다,吐く
통계,統計
통신,通信
통역,通訳
통일,統一
통증,痛み
통지서,通知書
통화,通話
퇴근길,仕事帰り
퇴원,退院
퇴직,退職
투표,投票
튀기다,揚げる、はじく、跳ね飛ばす
트럭,トラック、貨物自動車
특기,特技
특별,特別
특별하다,特別だ
특산물,特産物
튼튼하다,丈夫だ、頑丈だ
틀림없다,間違いない、決まってる、確かだ
틀림없이,間違いなく
틈,隙、暇
티켓,チケット
팀장,チーム長
파다,掘る、彫る、掘り下げる、えぐる
파마,パーマ
파일,ファイル
파전,チヂミ
판매,販売
판매자,販売者
팥빙수,パッピンス(韓国風かき氷)
패션쇼,ファッションショー
패스트푸드,ファーストフード
팩스,ファックス
팬,ファン
퍼지다,広がる、行き渡る
편리,便利
편식,偏食
편안하다,楽だ
편의점,コンビニ、便宜店
편히,楽に
펼치다,広げる
평가,評価
평균,平均
평등,平等
평범하다,平凡だ
평생,一生
평소,普段、日頃
평화,平和
포근하다,暖かい、穏やかだ
포기,放棄
포도주,ワイン、葡萄酒
포인트,ポイント
포장지,包装紙
폭발,爆発
폭설,どか雪、爆雪
폭식,暴食、やけ食い
폭우,暴雨、豪雨
폭포,滝
표시,標示
표정,表情
표지판,表示板
푸르다,青い
풀리다,解ける、ほぐれる、和らぐ
풀이,解釈
품질,品質
풍경,風景
풍부하다,豊富だ、豊かだ
풍선,風船
프라이팬,フライパン
프로그래머,プログラマー
프린터,プリンター
플라스틱,プラスティック
플러그,プラグ
피로,疲労
피부,皮膚、肌
피부과,皮膚科
피부병,皮膚病
피서,避暑
피아니스트,ピアニスト
피하다,避ける
피해,被害
피해자,被害者
필수,必須
필수품,必需品
필요성,必要性
핑계,言い訳
하도,あまりにも
하루빨리,一日でも早く
하루하루,一日一日
하룻밤,一晩
하마터면,危うく
하품,あくび
학과,学科
학력,学歴
학문,学問
학비,学費
학습,学習
학자,学者
학점,単位
한가하다,暇だ
한국학,韓国学
한글날,ハングルの日
한꺼번에,一度に、一緒に
한낮,真昼
한눈,脇目
한동안,一時、しばらく
한두,一・二
한마디,一言
한순간,一瞬
한숨,一息、一休み、溜息
한약,漢方薬、韓方薬
한옥,韓屋(伝統的な朝鮮の建築様式を使用した家屋)
한우,韓牛、韓国の牛
한의사,漢方医
한정식,韓定食
한지,伝統韓紙
한참,しばらく、はるかに
한창,とても、さかんに
한편,一方
할부,分割払い
할인점,ディスカウントストア
함부로,むやみに、やたらに
합격자,合格者
합치다,合わせる
합하다,足す
항공,航空
항공권,航空券
항공기,航空機
항공료,航空料
항공사,航空会社
항공편,航空便
해결,解決
해결책,解決策
해고,解雇
해내다,やりとげる
해돋이,日の出
해롭다,有害である、害になる
해마다,毎年
해물,海産物
해보다,やってみる
해산물,海産物
해소,解消
해소법,解消法
해수욕,海水浴
해수욕장,海水浴場
해열제,解熱剤
핸드백,ハンドバック
햇곡식,新穀
햇볕,日差し、日光
행동,行動
행사장,催事場
행운,幸運
향,香、香り
향기,香り
향수,香水、郷愁
향하다,向かう
허락,許諾、許し
허리띠,ベルト、腰巻
험하다,険しい
헤매다,さまよう、迷う
헤어스타일,ヘアスタイル
헤어지다,別れる、離れる
헤엄치다,泳ぐ
헬멧,ヘルメット
헬스클럽,スポーツクラブ、ジム
현관,玄関
현관문,玄関ドア
현대,現代
현대식,現代式
현대인,現代人
현대적,現代的
현모양처,良妻賢母
현실,現実
현실적,現実的
현장,現場
형용사,形容詞
형태,形
형편,状況、事情
혜택,恵み、恩恵
호감,好感
호기심,好奇心
호수,湖
호칭,呼称
혹시,もしかして、ひょっとして
혹은,あるいは
혼나다,怒られる
혼내다,叱る、こらしめる
혼잡,混雑
홀수,奇数
홍보,広報
홍보물,広報物
홍수,洪水
화려하다,華麗だ、華やかだ
화면,画面
화물,貨物
화분,植木鉢
화산,火山
화상,やけど
화장지,トイレットペーパー
화재,火災、火事
화창하다,のどかだ
화해,和解
확실하다,確実だ
환경,環境
환기,換気
환불,払い戻し
환상적,幻想的
환송회,歓送会
환영회,歓迎会
환율,為替レート
환전,両替
환절기,季節の変わり目
활동,活動
활동적,活動的
활발하다,活発だ
활용,活用
활짝,ぱあっと、満開に
황당하다,とてつもない、とんでもない
황사,黄砂
〜회,～回
회갑,還暦
회복,回復
회비,会費
회식,会食、飲み会
회원,会員
회의장,会議場
회장,会長
횟수,回数
효과,効果、効き目
효과적,効果的
효녀,孝行娘
효율적,効率的
후문,裏門
후반,後半
후반전,後半戦
후보,候補
후식,デザート
후회,後悔
훈련,訓練
훌륭하다,立派だ、すばらしい
훔치다,盗む
훨씬,ずっと、はるかに
휘발유,ガソリン、揮発油
휴가철,休暇の季節
휴게실,休憩室
휴대,携帯
휴대폰,携帯電話
휴식,休息
휴양지,リゾート
휴학,休学
흐르다,流れる
흔들다,振る、揺らす
흔들리다,揺れる、そよぐ、ぐらつく
흔하다,ありふれている
흔히,よく、多く
흘리다,流す、こぼす、紛失する
흙,土
흡연,喫煙
흥미,興味
흥분,興奮
희다,白い
희망,希望
희망자,希望者
희생자,犠牲者
힘껏,力の限り、精一杯
